{
  "baseline": {
    "accuracy": 0.2419915090698572,
    "f1_macro": 0.1858121080066443,
    "f1_weighted": 0.19806218390106695,
    "mae": 1.1949054419143188,
    "cohen_kappa": 0.01136899889902232,
    "precision_macro": 0.246948841049247,
    "recall_macro": 0.2263450933516291
  },
  "xgboost": {
    "accuracy": 0.3087610961018912,
    "f1_macro": 0.11089804523124232,
    "f1_weighted": 0.15888178526274102,
    "mae": 0.90775762253956,
    "cohen_kappa": 0.002029283533448001,
    "precision_macro": 0.1275717882416984,
    "recall_macro": 0.20301916129327297
  },
  "random_forest": {
    "accuracy": 0.27711308375144733,
    "f1_macro": 0.16676613092813178,
    "f1_weighted": 0.19332830020434094,
    "mae": 1.0810497877267464,
    "cohen_kappa": 0.011451047206058385,
    "precision_macro": 0.20755351359102994,
    "recall_macro": 0.22473735701226732
  },
  "gradient_boosting": {
    "accuracy": 0.25318409880355075,
    "f1_macro": 0.1706233541624893,
    "f1_weighted": 0.20450390478032865,
    "mae": 1.1169432651485913,
    "cohen_kappa": -7.939061519146584e-05,
    "precision_macro": 0.25886705846029745,
    "recall_macro": 0.20761793851216423
  }
}