{
  "baseline": {
    "accuracy": 0.23865546218487396,
    "f1_macro": 0.17848804021551604,
    "f1_weighted": 0.20283754778332952,
    "mae": 1.2134453781512604,
    "cohen_kappa": 0.004759548636753097
  },
  "transformer": {
    "accuracy": 0.14789915966386555,
    "f1_macro": 0.0786668866523676,
    "f1_weighted": 0.0874049405276052,
    "mae": 1.5327731092436976,
    "cohen_kappa": -0.032947202980383006
  }
}