{
  "baseline": {
    "accuracy": 0.24160555769972983,
    "f1_macro": 0.18643041894122941,
    "f1_weighted": 0.1989521157896917,
    "mae": 1.2196063296024702,
    "cohen_kappa": 0.011888817489824954,
    "precision_macro": 0.23600528727130063,
    "recall_macro": 0.2289191712938873
  },
  "xgboost": {
    "accuracy": 0.31223465843303744,
    "f1_macro": 0.12250948798793053,
    "f1_weighted": 0.16917765959790032,
    "mae": 0.9054419143187958,
    "cohen_kappa": 0.008097780038738178,
    "precision_macro": 0.27331491219959625,
    "recall_macro": 0.20780993283325006
  },
  "random_forest": {
    "accuracy": 0.31069085295252796,
    "f1_macro": 0.19526427661541565,
    "f1_weighted": 0.2137279312190472,
    "mae": 0.9201080663836356,
    "cohen_kappa": 0.030789005575209583,
    "precision_macro": 0.23561291440972446,
    "recall_macro": 0.24083868111436102
  },
  "gradient_boosting": {
    "accuracy": 0.2763411810111926,
    "f1_macro": 0.18035865180566668,
    "f1_weighted": 0.21417756697222828,
    "mae": 1.045542261675029,
    "cohen_kappa": 0.015967930049232693,
    "precision_macro": 0.2484331516786705,
    "recall_macro": 0.21929520825543972
  }
}