{
  "baseline": {
    "accuracy": 0.23865546218487396,
    "f1_macro": 0.17621664014765254,
    "f1_weighted": 0.20413585952042762,
    "mae": 1.2218487394957984,
    "cohen_kappa": -0.0017318977660003565
  },
  "transformer": {
    "accuracy": 0.3310924369747899,
    "f1_macro": 0.0994949494949495,
    "f1_weighted": 0.16471012647483235,
    "mae": 0.9310924369747899,
    "cohen_kappa": 0.0
  }
}