{
  "baseline": {
    "accuracy": 0.226890756302521,
    "f1_macro": 0.1684962913280202,
    "f1_weighted": 0.19522851400482863,
    "mae": 1.2369747899159664,
    "cohen_kappa": -0.00427836526818659,
    "precision_macro": 0.23402984214771286,
    "recall_macro": 0.20268898454379208
  },
  "xgboost": {
    "accuracy": 0.32605042016806723,
    "f1_macro": 0.13805449436135403,
    "f1_weighted": 0.19391106447512968,
    "mae": 0.9394957983193277,
    "cohen_kappa": 0.009946388261851125,
    "precision_macro": 0.274864580093854,
    "recall_macro": 0.20899772111922355
  },
  "random_forest": {
    "accuracy": 0.2957983193277311,
    "f1_macro": 0.17392919432291726,
    "f1_weighted": 0.2044017284193188,
    "mae": 1.0184873949579831,
    "cohen_kappa": 0.019491782066459185,
    "precision_macro": 0.316840300818403,
    "recall_macro": 0.23012874779189813
  },
  "gradient_boosting": {
    "accuracy": 0.24201680672268908,
    "f1_macro": 0.17208051769959348,
    "f1_weighted": 0.19840349494735635,
    "mae": 1.1932773109243697,
    "cohen_kappa": -0.0028552101980334754,
    "precision_macro": 0.2594946269784049,
    "recall_macro": 0.20558516441212996
  }
}