{
  "baseline": {
    "accuracy": 0.2431493631802393,
    "f1_macro": 0.18509209633057283,
    "f1_weighted": 0.19729938339105652,
    "mae": 1.197221150135083,
    "cohen_kappa": 0.01043696222056878,
    "precision_macro": 0.23659020181362442,
    "recall_macro": 0.22761276398277533
  },
  "xgboost": {
    "accuracy": 0.3126206098031648,
    "f1_macro": 0.09526609820640988,
    "f1_weighted": 0.1489107285742802,
    "mae": 0.9108452335005789,
    "cohen_kappa": 0.0,
    "precision_macro": 0.06252412196063296,
    "recall_macro": 0.2
  },
  "random_forest": {
    "accuracy": 0.2705519104592821,
    "f1_macro": 0.13009425058729723,
    "f1_weighted": 0.1662824851419556,
    "mae": 1.114627556927827,
    "cohen_kappa": 0.00347837022695785,
    "precision_macro": 0.18152463118360002,
    "recall_macro": 0.21248628056552285
  },
  "gradient_boosting": {
    "accuracy": 0.2886916248552682,
    "f1_macro": 0.14465151212798646,
    "f1_weighted": 0.18083886519585496,
    "mae": 0.9907371671169433,
    "cohen_kappa": 0.007842370533879595,
    "precision_macro": 0.20831549390155182,
    "recall_macro": 0.21187189665832723
  }
}