{
  "baseline": {
    "accuracy": 0.23620223851794675,
    "f1_macro": 0.16527627664551456,
    "f1_weighted": 0.18944070678616315,
    "mae": 1.2030104206869934,
    "cohen_kappa": 0.0054105502820976925,
    "precision_macro": 0.2244297800611692,
    "recall_macro": 0.21239884099061382
  },
  "xgboost": {
    "accuracy": 0.31069085295252796,
    "f1_macro": 0.11087536959381646,
    "f1_weighted": 0.15922398984627556,
    "mae": 0.9143187958317252,
    "cohen_kappa": 0.00245187436676797,
    "precision_macro": 0.28472448267844686,
    "recall_macro": 0.20361450220803942
  },
  "random_forest": {
    "accuracy": 0.29486684677730607,
    "f1_macro": 0.15881484332895945,
    "f1_weighted": 0.18915420993138107,
    "mae": 0.9683519876495561,
    "cohen_kappa": 0.022411549931024233,
    "precision_macro": 0.30709289426052433,
    "recall_macro": 0.2265804709418262
  },
  "gradient_boosting": {
    "accuracy": 0.24083365495947512,
    "f1_macro": 0.1599188329500296,
    "f1_weighted": 0.1895402736996193,
    "mae": 1.1790814357390969,
    "cohen_kappa": -0.004504059704610652,
    "precision_macro": 0.2660441209853543,
    "recall_macro": 0.20077921964157053
  }
}