{
  "accuracy": 0.25,
  "f1_macro": 0.15272727272727274,
  "f1_weighted": 0.21363636363636365,
  "precision_macro": 0.13333333333333333,
  "recall_macro": 0.18,
  "mae": 0.9375,
  "cohen_kappa": -0.005235602094240788,
  "confusion_matrix": [
    [
      0,
      1,
      1,
      0,
      0
    ],
    [
      1,
      0,
      1,
      2,
      0
    ],
    [
      0,
      1,
      2,
      1,
      0
    ],
    [
      0,
      0,
      2,
      2,
      1
    ],
    [
      0,
      0,
      0,
      1,
      0
    ]
  ],
  "classification_report": "              precision    recall  f1-score   support\n\n           1       0.00      0.00      0.00         2\n           2       0.00      0.00      0.00         4\n           3       0.33      0.50      0.40         4\n           4       0.33      0.40      0.36         5\n           5       0.00      0.00      0.00         1\n\n    accuracy                           0.25        16\n   macro avg       0.13      0.18      0.15        16\nweighted avg       0.19      0.25      0.21        16\n",
  "cv_accuracy": 0.3366666666666667,
  "cv_accuracy_std": 0.07996030761353282,
  "cv_f1_macro": 0.3022517482517483,
  "cv_f1_macro_std": 0.1363593588873476
}