{
  "accuracy": 0.3125,
  "f1_macro": 0.21333333333333332,
  "f1_weighted": 0.29444444444444445,
  "precision_macro": 0.20666666666666664,
  "recall_macro": 0.22999999999999998,
  "mae": 0.875,
  "cohen_kappa": 0.0736842105263158,
  "confusion_matrix": [
    [
      0,
      1,
      1,
      0,
      0
    ],
    [
      1,
      1,
      1,
      1,
      0
    ],
    [
      0,
      2,
      2,
      0,
      0
    ],
    [
      0,
      1,
      2,
      2,
      0
    ],
    [
      0,
      0,
      0,
      1,
      0
    ]
  ],
  "classification_report": "              precision    recall  f1-score   support\n\n           1       0.00      0.00      0.00         2\n           2       0.20      0.25      0.22         4\n           3       0.33      0.50      0.40         4\n           4       0.50      0.40      0.44         5\n           5       0.00      0.00      0.00         1\n\n    accuracy                           0.31        16\n   macro avg       0.21      0.23      0.21        16\nweighted avg       0.29      0.31      0.29        16\n",
  "cv_accuracy": 0.3276190476190476,
  "cv_accuracy_std": 0.07342603911389099,
  "cv_f1_macro": 0.3015841935841935,
  "cv_f1_macro_std": 0.11026406586797886
}