{
  "accuracy": 0.3125,
  "f1_macro": 0.18,
  "f1_weighted": 0.25625,
  "precision_macro": 0.15238095238095237,
  "recall_macro": 0.22000000000000003,
  "mae": 0.875,
  "cohen_kappa": 0.05882352941176472,
  "confusion_matrix": [
    [
      0,
      1,
      1,
      0,
      0
    ],
    [
      1,
      0,
      1,
      2,
      0
    ],
    [
      0,
      1,
      2,
      1,
      0
    ],
    [
      0,
      0,
      2,
      3,
      0
    ],
    [
      0,
      0,
      0,
      1,
      0
    ]
  ],
  "classification_report": "              precision    recall  f1-score   support\n\n           1       0.00      0.00      0.00         2\n           2       0.00      0.00      0.00         4\n           3       0.33      0.50      0.40         4\n           4       0.43      0.60      0.50         5\n           5       0.00      0.00      0.00         1\n\n    accuracy                           0.31        16\n   macro avg       0.15      0.22      0.18        16\nweighted avg       0.22      0.31      0.26        16\n",
  "cv_accuracy": 0.3357142857142857,
  "cv_accuracy_std": 0.04785655057676614,
  "cv_f1_macro": 0.2318946608946609,
  "cv_f1_macro_std": 0.04173956631957711
}