{
  "accuracy": 0.125,
  "f1_macro": 0.06666666666666667,
  "f1_weighted": 0.10416666666666666,
  "precision_macro": 0.05714285714285714,
  "recall_macro": 0.08,
  "mae": 1.0,
  "cohen_kappa": -0.19786096256684482,
  "confusion_matrix": [
    [
      0,
      1,
      1,
      0,
      0
    ],
    [
      1,
      0,
      2,
      1,
      0
    ],
    [
      0,
      1,
      0,
      3,
      0
    ],
    [
      0,
      0,
      3,
      2,
      0
    ],
    [
      0,
      0,
      0,
      1,
      0
    ]
  ],
  "classification_report": "              precision    recall  f1-score   support\n\n           1       0.00      0.00      0.00         2\n           2       0.00      0.00      0.00         4\n           3       0.00      0.00      0.00         4\n           4       0.29      0.40      0.33         5\n           5       0.00      0.00      0.00         1\n\n    accuracy                           0.12        16\n   macro avg       0.06      0.08      0.07        16\nweighted avg       0.09      0.12      0.10        16\n",
  "cv_accuracy": 0.30904761904761907,
  "cv_accuracy_std": 0.09920774602191251,
  "cv_f1_macro": 0.19663549522373053,
  "cv_f1_macro_std": 0.09397623190975234
}