{
  "accuracy": 0.125,
  "f1_macro": 0.05714285714285714,
  "f1_weighted": 0.08928571428571427,
  "precision_macro": 0.04444444444444444,
  "recall_macro": 0.08,
  "mae": 1.125,
  "cohen_kappa": -0.21081081081081088,
  "confusion_matrix": [
    [
      0,
      1,
      0,
      1,
      0
    ],
    [
      1,
      0,
      2,
      1,
      0
    ],
    [
      0,
      0,
      0,
      4,
      0
    ],
    [
      0,
      1,
      2,
      2,
      0
    ],
    [
      0,
      0,
      0,
      1,
      0
    ]
  ],
  "classification_report": "              precision    recall  f1-score   support\n\n           1       0.00      0.00      0.00         2\n           2       0.00      0.00      0.00         4\n           3       0.00      0.00      0.00         4\n           4       0.22      0.40      0.29         5\n           5       0.00      0.00      0.00         1\n\n    accuracy                           0.12        16\n   macro avg       0.04      0.08      0.06        16\nweighted avg       0.07      0.12      0.09        16\n",
  "cv_accuracy": 0.3461904761904762,
  "cv_accuracy_std": 0.06984920589831964,
  "cv_f1_macro": 0.23324809177750355,
  "cv_f1_macro_std": 0.052958894399190576
}