{
  "accuracy": 0.125,
  "f1_macro": 0.06153846153846154,
  "f1_weighted": 0.09615384615384616,
  "precision_macro": 0.05,
  "recall_macro": 0.08,
  "mae": 1.0625,
  "cohen_kappa": -0.20430107526881724,
  "confusion_matrix": [
    [
      0,
      1,
      1,
      0,
      0
    ],
    [
      1,
      0,
      1,
      2,
      0
    ],
    [
      0,
      1,
      0,
      3,
      0
    ],
    [
      0,
      0,
      3,
      2,
      0
    ],
    [
      0,
      0,
      0,
      1,
      0
    ]
  ],
  "classification_report": "              precision    recall  f1-score   support\n\n           1       0.00      0.00      0.00         2\n           2       0.00      0.00      0.00         4\n           3       0.00      0.00      0.00         4\n           4       0.25      0.40      0.31         5\n           5       0.00      0.00      0.00         1\n\n    accuracy                           0.12        16\n   macro avg       0.05      0.08      0.06        16\nweighted avg       0.08      0.12      0.10        16\n",
  "cv_accuracy": 0.3171428571428571,
  "cv_accuracy_std": 0.020337291908631067,
  "cv_f1_macro": 0.2419017844900198,
  "cv_f1_macro_std": 0.09117301987134849
}