{
  "accuracy": 0.125,
  "f1_macro": 0.07777777777777777,
  "f1_weighted": 0.10763888888888888,
  "precision_macro": 0.06857142857142857,
  "recall_macro": 0.09,
  "mae": 1.0625,
  "cohen_kappa": -0.19786096256684482,
  "confusion_matrix": [
    [
      0,
      2,
      0,
      0,
      0
    ],
    [
      1,
      0,
      1,
      2,
      0
    ],
    [
      0,
      0,
      1,
      3,
      0
    ],
    [
      0,
      1,
      3,
      1,
      0
    ],
    [
      0,
      0,
      0,
      1,
      0
    ]
  ],
  "classification_report": "              precision    recall  f1-score   support\n\n           1       0.00      0.00      0.00         2\n           2       0.00      0.00      0.00         4\n           3       0.20      0.25      0.22         4\n           4       0.14      0.20      0.17         5\n           5       0.00      0.00      0.00         1\n\n    accuracy                           0.12        16\n   macro avg       0.07      0.09      0.08        16\nweighted avg       0.09      0.12      0.11        16\n",
  "cv_accuracy": 0.39285714285714285,
  "cv_accuracy_std": 0.10701050025830587,
  "cv_f1_macro": 0.3121188869609922,
  "cv_f1_macro_std": 0.158163581377979
}