{
  "train_loss": [
    1.3305072472209023,
    1.4229668180147808,
    1.6671595970789592,
    1.5934974522817702,
    1.1823589617297763,
    1.2511145685400282,
    1.39538578192393,
    1.4250143312272572,
    1.2855414492743356,
    1.2755485091890608,
    1.2428047827311925
  ],
  "val_loss": [
    1.0177564124266307,
    1.2037327786286671,
    1.4522845844427745,
    1.0489164392153423,
    1.2331417202949524,
    1.0802172819773357,
    1.0893400212128956,
    1.072290097673734,
    1.0376857717831929,
    1.0473747849464417,
    1.0248326162497203
  ],
  "val_accuracy": [
    0.23809523809523808,
    0.23809523809523808,
    0.23809523809523808,
    0.2857142857142857,
    0.14285714285714285,
    0.3333333333333333,
    0.2857142857142857,
    0.3333333333333333,
    0.23809523809523808,
    0.2857142857142857,
    0.3333333333333333
  ],
  "val_f1": [
    0.07692307692307693,
    0.07692307692307693,
    0.07692307692307693,
    0.08888888888888888,
    0.09,
    0.1,
    0.08888888888888888,
    0.1,
    0.07692307692307693,
    0.08888888888888888,
    0.1
  ]
}