{
  "baseline": {
    "cv_accuracy": 0.3076190476190476,
    "cv_accuracy_std": 0.07073312239096054,
    "cv_f1_macro": 0.2724531024531025,
    "cv_f1_macro_std": 0.1360810221805314,
    "val_accuracy": 0.25,
    "val_f1_macro": 0.15272727272727274,
    "val_mae": 0.9375,
    "val_cohen_kappa": -0.005235602094240788
  },
  "xgboost": {
    "cv_accuracy": 0.3076190476190476,
    "cv_accuracy_std": 0.02163393655542961,
    "cv_f1_macro": 0.09401709401709402,
    "cv_f1_macro_std": 0.005042010667949622,
    "val_accuracy": 0.3125,
    "val_f1_macro": 0.09523809523809523,
    "val_mae": 1.1875,
    "val_cohen_kappa": 0.0
  },
  "random_forest": {
    "cv_accuracy": 0.24047619047619045,
    "cv_accuracy_std": 0.06042179781166439,
    "cv_f1_macro": 0.19001154401154402,
    "cv_f1_macro_std": 0.05178234304616243,
    "val_accuracy": 0.25,
    "val_f1_macro": 0.23714285714285716,
    "val_mae": 0.8125,
    "val_cohen_kappa": -0.005235602094240788
  },
  "gradient_boosting": {
    "cv_accuracy": 0.30904761904761907,
    "cv_accuracy_std": 0.09920774602191251,
    "cv_f1_macro": 0.19663549522373053,
    "cv_f1_macro_std": 0.09397623190975234,
    "val_accuracy": 0.125,
    "val_f1_macro": 0.06666666666666667,
    "val_mae": 1.0,
    "val_cohen_kappa": -0.19786096256684482
  }
}