{
  "train_loss": [
    1.6845988089388066,
    1.4886673417958347,
    1.4310657761313699,
    1.4133568080988796,
    1.3225184679031372,
    1.3658156882632861,
    1.3535597649487583
  ],
  "val_loss": [
    1.6803865134716034,
    1.5355980694293976,
    1.4369766116142273,
    1.3954581022262573,
    1.3632319271564484,
    1.3469019830226898,
    1.3418749868869781
  ],
  "val_accuracy": [
    0.0,
    0.1875,
    0.1875,
    0.1875,
    0.1875,
    0.1875,
    0.1875
  ],
  "val_f1": [
    0.0,
    0.09487179487179487,
    0.09350649350649351,
    0.09350649350649351,
    0.09350649350649351,
    0.09350649350649351,
    0.09350649350649351
  ]
}