{
  "baseline": {
    "cv_accuracy": 0.3366666666666667,
    "cv_accuracy_std": 0.07996030761353282,
    "cv_f1_macro": 0.3022517482517483,
    "cv_f1_macro_std": 0.1363593588873476,
    "val_accuracy": 0.25,
    "val_f1_macro": 0.15272727272727274,
    "val_mae": 0.9375,
    "val_cohen_kappa": -0.005235602094240788
  },
  "xgboost": {
    "cv_accuracy": 0.35619047619047617,
    "cv_accuracy_std": 0.08467089817482996,
    "cv_f1_macro": 0.2065103668261563,
    "cv_f1_macro_std": 0.0573498897102555,
    "val_accuracy": 0.125,
    "val_f1_macro": 0.06666666666666667,
    "val_mae": 1.0,
    "val_cohen_kappa": -0.19786096256684482
  },
  "random_forest": {
    "cv_accuracy": 0.39285714285714285,
    "cv_accuracy_std": 0.10701050025830587,
    "cv_f1_macro": 0.3121188869609922,
    "cv_f1_macro_std": 0.158163581377979,
    "val_accuracy": 0.125,
    "val_f1_macro": 0.07777777777777777,
    "val_mae": 1.0625,
    "val_cohen_kappa": -0.19786096256684482
  },
  "gradient_boosting": {
    "cv_accuracy": 0.3461904761904762,
    "cv_accuracy_std": 0.06984920589831964,
    "cv_f1_macro": 0.23324809177750355,
    "cv_f1_macro_std": 0.052958894399190576,
    "val_accuracy": 0.125,
    "val_f1_macro": 0.05714285714285714,
    "val_mae": 1.125,
    "val_cohen_kappa": -0.21081081081081088
  }
}