{
  "accuracy": 0.25,
  "f1_macro": 0.13015873015873014,
  "f1_weighted": 0.18948412698412698,
  "precision_macro": 0.10666666666666666,
  "recall_macro": 0.16999999999999998,
  "mae": 0.9375,
  "cohen_kappa": -0.037837837837837895,
  "confusion_matrix": [
    [
      0,
      1,
      1,
      0,
      0
    ],
    [
      1,
      0,
      1,
      2,
      0
    ],
    [
      0,
      0,
      1,
      3,
      0
    ],
    [
      0,
      0,
      2,
      3,
      0
    ],
    [
      0,
      0,
      0,
      1,
      0
    ]
  ],
  "classification_report": "              precision    recall  f1-score   support\n\n           1       0.00      0.00      0.00         2\n           2       0.00      0.00      0.00         4\n           3       0.20      0.25      0.22         4\n           4       0.33      0.60      0.43         5\n           5       0.00      0.00      0.00         1\n\n    accuracy                           0.25        16\n   macro avg       0.11      0.17      0.13        16\nweighted avg       0.15      0.25      0.19        16\n",
  "cv_accuracy": 0.3566666666666666,
  "cv_accuracy_std": 0.11025017932328424,
  "cv_f1_macro": 0.2085120376699324,
  "cv_f1_macro_std": 0.08475325223520237
}