{
  "accuracy": 0.3125,
  "f1_macro": 0.09523809523809523,
  "f1_weighted": 0.1488095238095238,
  "precision_macro": 0.0625,
  "recall_macro": 0.2,
  "mae": 1.1875,
  "cohen_kappa": 0.0,
  "confusion_matrix": [
    [
      0,
      0,
      0,
      2,
      0
    ],
    [
      0,
      0,
      0,
      4,
      0
    ],
    [
      0,
      0,
      0,
      4,
      0
    ],
    [
      0,
      0,
      0,
      5,
      0
    ],
    [
      0,
      0,
      0,
      1,
      0
    ]
  ],
  "classification_report": "              precision    recall  f1-score   support\n\n           1       0.00      0.00      0.00         2\n           2       0.00      0.00      0.00         4\n           3       0.00      0.00      0.00         4\n           4       0.31      1.00      0.48         5\n           5       0.00      0.00      0.00         1\n\n    accuracy                           0.31        16\n   macro avg       0.06      0.20      0.10        16\nweighted avg       0.10      0.31      0.15        16\n",
  "cv_accuracy": 0.3076190476190476,
  "cv_accuracy_std": 0.02163393655542961,
  "cv_f1_macro": 0.09401709401709402,
  "cv_f1_macro_std": 0.005042010667949622
}