{
  "accuracy": 0.3125,
  "f1_macro": 0.15714285714285714,
  "f1_weighted": 0.22767857142857142,
  "precision_macro": 0.1393939393939394,
  "recall_macro": 0.21000000000000002,
  "mae": 1.125,
  "cohen_kappa": 0.027624309392265234,
  "confusion_matrix": [
    [
      0,
      0,
      0,
      2,
      0
    ],
    [
      0,
      0,
      2,
      2,
      0
    ],
    [
      0,
      1,
      1,
      2,
      0
    ],
    [
      0,
      1,
      0,
      4,
      0
    ],
    [
      0,
      0,
      0,
      1,
      0
    ]
  ],
  "classification_report": "              precision    recall  f1-score   support\n\n           1       0.00      0.00      0.00         2\n           2       0.00      0.00      0.00         4\n           3       0.33      0.25      0.29         4\n           4       0.36      0.80      0.50         5\n           5       0.00      0.00      0.00         1\n\n    accuracy                           0.31        16\n   macro avg       0.14      0.21      0.16        16\nweighted avg       0.20      0.31      0.23        16\n",
  "cv_accuracy": 0.37523809523809526,
  "cv_accuracy_std": 0.09779426783233094,
  "cv_f1_macro": 0.22086586807249073,
  "cv_f1_macro_std": 0.062094114948525035
}